<?xml version="1.0" encoding="UTF-8"?>
<beans xmlns="http://www.springframework.org/schema/beans"
	xmlns:xsi="http://www.w3.org/2001/XMLSchema-instance"
	xsi:schemaLocation="http://www.springframework.org/schema/beans http://www.springframework.org/schema/beans/spring-beans.xsd">

    <!-- 空港 -->
    <bean id="CL_AIRPORT" class="jp.co.ntt.atrs.domain.common.codelist.AirportCodeList">
        <property name="dataSource" ref="dataSource" />
        <property name="querySql"
            value="SELECT airport_cd,airport_name,display_order FROM airport order by display_order ASC" />
        <property name="valueColumn" value="airport_cd" /> 
        <property name="labelColumn" value="airport_name" />
        <property name="orderColumn" value="display_order" /> 
        <!-- 区切り行の表示順  -->
        <property name="airportNopInsertOrder" value="100" />
    </bean>
    
    <!-- 搭乗クラス -->
    <bean id="CL_BOARDINGCLASS" class="org.terasoluna.gfw.common.codelist.JdbcCodeList">
        <property name="dataSource" ref="dataSource" />
        <property name="querySql"
            value="SELECT boarding_class_cd,boarding_class_name FROM boarding_class ORDER BY display_order ASC" /> 
        <property name="valueColumn" value="boarding_class_cd" /> 
        <property name="labelColumn" value="boarding_class_name" /> 
    </bean>
    
    <!-- 運賃種別 -->
    <bean id="CL_FARETYPE" class="org.terasoluna.gfw.common.codelist.JdbcCodeList">
        <property name="dataSource" ref="dataSource" />
        <property name="querySql"
            value="SELECT fare_type_cd, fare_type_name FROM fare_type ORDER BY display_order ASC" /> 
        <property name="valueColumn" value="fare_type_cd" /> 
        <property name="labelColumn" value="fare_type_name" /> 
    </bean>

    <!-- 搭乗月 -->
    <bean id="CL_DEPMONTH"
        class="jp.co.ntt.atrs.domain.common.codelist.SearchAvailableMonthCodeList">
    </bean>

    <!-- 搭乗日 -->
    <bean id="CL_DEPDAY"
        class="org.terasoluna.gfw.common.codelist.NumberRangeCodeList">
        <property name="from" value="1" />
        <property name="to" value="31" />
        <property name="valueFormat" value="%d" />
        <property name="labelFormat" value="%d日" />
    </bean>

    <!-- 出発時刻 -->
    <bean id="CL_DEPTIME" 
        class="org.terasoluna.gfw.common.codelist.SimpleMapCodeList">
        <property name="map">
            <map>
                <entry key="" value="指定なし" />
                <entry key="0600" value="06:00" />
                <entry key="0700" value="07:00" />
                <entry key="0800" value="08:00" />
                <entry key="0900" value="09:00" />
                <entry key="1000" value="10:00" />
                <entry key="1100" value="11:00" />
                <entry key="1200" value="12:00" />
                <entry key="1300" value="13:00" />
                <entry key="1400" value="14:00" />
                <entry key="1500" value="15:00" />
                <entry key="1600" value="16:00" />
                <entry key="1700" value="17:00" />
                <entry key="1800" value="18:00" />
                <entry key="1900" value="19:00" />
                <entry key="2000" value="20:00" />
                <entry key="2100" value="21:00" />
                <entry key="2200" value="22:00" />
            </map>
        </property>
    </bean>

    <!-- 誕生年 -->
    <bean id="CL_BIRTHYEAR"
        class="org.terasoluna.gfw.common.codelist.NumberRangeCodeList">
        <property name="from" value="1900"/>
        <property name="to" value="2014" />
        <property name="valueFormat" value="%d" />
        <property name="labelFormat" value="%d" />
    </bean>

    <!-- 誕生月 -->
    <bean id="CL_BIRTHMONTH"
        class="org.terasoluna.gfw.common.codelist.NumberRangeCodeList">
        <property name="from" value="1"/>
        <property name="to" value="12" />
        <property name="valueFormat" value="%02d" />
        <property name="labelFormat" value="%02d" />
    </bean>

    <!-- 誕生日 -->
    <bean id="CL_BIRTHDAY"
        class="org.terasoluna.gfw.common.codelist.NumberRangeCodeList">
        <property name="from" value="1"/>
        <property name="to" value="31" />
        <property name="valueFormat" value="%02d" />
        <property name="labelFormat" value="%02d" />
    </bean>
    
    <!-- クレジットカード有効期限年 -->
    <bean id="CL_CREDITYEAR"
        class="org.terasoluna.gfw.common.codelist.NumberRangeCodeList">
        <property name="from" value="0"/>
        <property name="to" value="99" />
        <property name="valueFormat" value="%02d" />
        <property name="labelFormat" value="%02d" />
    </bean>

    <!-- クレジットカード有効期限月 -->
    <bean id="CL_CREDITMONTH"
        class="org.terasoluna.gfw.common.codelist.NumberRangeCodeList">
        <property name="from" value="1"/>
        <property name="to" value="12" />
        <property name="valueFormat" value="%02d" />
        <property name="labelFormat" value="%02d" />
    </bean>
    
    <!-- 性別 -->
    <bean id="CL_GENDER" class="org.terasoluna.gfw.common.codelist.SimpleMapCodeList">
        <property name="map">
            <map>
                <entry key="M" value="男性" />
                <entry key="F" value="女性" />
            </map>
        </property>
    </bean>

    <!-- クレジットカード種別 --> 
    <bean id="CL_CREDITTYPE" class="org.terasoluna.gfw.common.codelist.JdbcCodeList">
        <property name="dataSource" ref="dataSource" />
        <property name="querySql"
            value="SELECT credit_type_cd, credit_firm FROM credit_type ORDER BY display_order ASC" /> 
        <property name="valueColumn" value="credit_type_cd" /> 
        <property name="labelColumn" value="credit_firm" /> 
    </bean>
</beans>
