<?xml version="1.0" encoding="UTF-8"?>
<mappings xmlns="http://dozer.sourceforge.net" xmlns:xsi="http://www.w3.org/2001/XMLSchema-instance"
    xsi:schemaLocation="http://dozer.sourceforge.net
          http://dozer.sourceforge.net/schema/beanmapping.xsd">

    <mapping type="one-way">
        <class-a>jp.co.ntt.atrs.domain.model.Member</class-a>
        <class-b>jp.co.ntt.atrs.app.b2.ReservationForm</class-b>
        <field>
            <a>kanaFamilyName</a>
            <b>repFamilyName</b>
        </field>
        <field>
            <a>kanaGivenName</a>
            <b>repGivenName</b>
        </field>
        <field>
            <a>gender</a>
            <b>repGender</b>
        </field>
        <field>
            <a>mail</a>
            <b>repMail</b>
        </field>
        <field>
            <a>customerNo</a>
            <b>repCustomerNo</b>
        </field>
    </mapping>

    <mapping type="one-way">
        <class-a>jp.co.ntt.atrs.app.b2.ReservationForm</class-a>
        <class-b>jp.co.ntt.atrs.app.b2.PassengerForm</class-b>
        <field>
            <a>repFamilyName</a>
            <b>familyName</b>
        </field>
        <field>
            <a>repGivenName</a>
            <b>givenName</b>
        </field>
        <field>
            <a>repAge</a>
            <b>age</b>
        </field>
        <field>
            <a>repGender</a>
            <b>gender</b>
        </field>
        <field>
            <a>repCustomerNo</a>
            <b>customerNo</b>
        </field>
    </mapping>
    
    <mapping type="one-way">
        <class-a>jp.co.ntt.atrs.app.b2.ReservationForm</class-a>
        <class-b>jp.co.ntt.atrs.domain.model.Reservation</class-b>
        <field>
            <a>repFamilyName</a>
            <b>repFamilyName</b>
        </field>
        <field>
            <a>repGivenName</a>
            <b>repGivenName</b>
        </field>
        <field>
            <a>repAge</a>
            <b>repAge</b>
        </field>
        <field>
            <a>repGender</a>
            <b>repGender</b>
        </field>
        <field>
            <a>repMail</a>
            <b>repMail</b>
        </field>
        <field>
            <a>repCustomerNo</a>
            <b>repMember.customerNo</b>
        </field>
    </mapping>

</mappings>
