<?xml version="1.0" encoding="UTF-8"?>
<beans xmlns="http://www.springframework.org/schema/beans"
    xmlns:task="http://www.springframework.org/schema/task"
    xmlns:xsi="http://www.w3.org/2001/XMLSchema-instance"
    xmlns:jee="http://www.springframework.org/schema/jee"
    xsi:schemaLocation= "http://www.springframework.org/schema/beans http://www.springframework.org/schema/beans/spring-beans.xsd
      http://www.springframework.org/schema/jee http://www.springframework.org/schema/jee/spring-jee.xsd
      http://www.springframework.org/schema/task http://www.springframework.org/schema/task/spring-task-3.0.xsd">

    <jee:jndi-lookup id="dataSource" jndi-name="jdbc/AtrsDS" />
    
    <bean id="transactionManager"
        class="org.springframework.jdbc.datasource.DataSourceTransactionManager">
        <property name="dataSource" ref="dataSource" />
    </bean>

    <bean id="dateFactory" class="org.terasoluna.gfw.common.date.jodatime.DefaultJodaTimeDateFactory" />

    <task:scheduler id="taskScheduler" pool-size="1"/>
    <task:scheduled-tasks scheduler="taskScheduler">
        <task:scheduled ref="CL_DEPMONTH" method="refresh" cron="${cron.codelist.refreshTime}"/>
    </task:scheduled-tasks>
</beans>
