<?xml version="1.0" encoding="UTF-8"?>
<!-- for development environment on local PC -->
<beans xmlns="http://www.springframework.org/schema/beans"
    xmlns:task="http://www.springframework.org/schema/task"
    xmlns:xsi="http://www.w3.org/2001/XMLSchema-instance"
    xsi:schemaLocation="http://www.springframework.org/schema/beans http://www.springframework.org/schema/beans/spring-beans.xsd
    http://www.springframework.org/schema/task http://www.springframework.org/schema/task/spring-task.xsd">

    <bean id="realDataSource" class="org.apache.commons.dbcp2.BasicDataSource"
        destroy-method="close">
        <property name="driverClassName" value="${database.driverClassName}" />
        <property name="url" value="${database.url}" />
        <property name="username" value="${database.username}" />
        <property name="password" value="${database.password}" />
        <property name="defaultAutoCommit" value="false" />
        <property name="maxTotal" value="${cp.maxActive}" />
        <property name="maxIdle" value="${cp.maxIdle}" />
        <property name="minIdle" value="${cp.minIdle}" />
        <property name="maxWaitMillis" value="${cp.maxWait}" />
    </bean>

    <bean id="dataSource" class="net.sf.log4jdbc.Log4jdbcProxyDataSource">
        <constructor-arg index="0" ref="realDataSource" />
    </bean>

    <bean id="transactionManager"
        class="org.springframework.jdbc.datasource.DataSourceTransactionManager">
        <property name="dataSource" ref="dataSource" />
    </bean>

    <!-- <jee:jndi-lookup id="dataSource" jndi-name="jdbc/dataSource"></jee:jndi-lookup> -->

    <bean id="dateFactory" class="org.terasoluna.gfw.common.date.jodatime.DefaultJodaTimeDateFactory" />

    <task:scheduler id="taskScheduler" pool-size="1"/>
    <task:scheduled-tasks scheduler="taskScheduler">
        <task:scheduled ref="CL_DEPMONTH" method="refresh" cron="${cron.codelist.refreshTime}"/>
    </task:scheduled-tasks>

</beans>
