<?xml version="1.0" encoding="UTF-8"?>
<beans xmlns="http://www.springframework.org/schema/beans"
    xmlns:xsi="http://www.w3.org/2001/XMLSchema-instance" xmlns:context="http://www.springframework.org/schema/context"
    xsi:schemaLocation="http://www.springframework.org/schema/beans http://www.springframework.org/schema/beans/spring-beans.xsd
		http://www.springframework.org/schema/context http://www.springframework.org/schema/context/spring-context.xsd"
>

    <import resource="classpath:/META-INF/spring/atrs-domain.xml" />

    <context:property-placeholder
        location="classpath*:/META-INF/spring/*.properties" />

    <bean id="exceptionLogger"
        class="org.terasoluna.gfw.common.exception.ExceptionLogger">
        <property name="exceptionCodeResolver" ref="exceptionCodeResolver" />
    </bean>
    <!-- Exception Code Resolver. -->
    <bean id="exceptionCodeResolver"
        class="org.terasoluna.gfw.common.exception.SimpleMappingExceptionCodeResolver">
        <property name="exceptionMappings">
            <map>
                <entry key="BusinessException" value="e.ar.fw.8001" />
            </map>
        </property>
        <property name="defaultExceptionCode" value="e.ar.fw.9999" />
    </bean>
    <!-- Filter. -->
    <bean id="exceptionLoggingFilter"
        class="org.terasoluna.gfw.web.exception.ExceptionLoggingFilter" >
        <property name="exceptionLogger" ref="exceptionLogger" />
    </bean>
    
    <bean id="beanMapper" class="org.dozer.spring.DozerBeanMapperFactoryBean">
      <property name="mappingFiles"
          value="classpath*:/META-INF/dozer/**/*-mapping.xml" />
    </bean>
</beans>
